Kinder,Lisa,Female,20151231145934
High,Luke,Male,20130129080903
Kinder,Ronald,Male,20160128145934
Elementary,Andrew,Male,20140129080903
Kinder,Jhosua,Male,20151231145934
High,Karen,Male,20130129080903
Kinder,Mathew,Male,20160128145934
Elementary,Jason,Male,20140129080903
Kinder,James,Male,20161005132932
High,Roger,Male,20130129080903
Elementary,Ronald,Male,20131012080808
Kinder,Max,Male,20120615210903
Kinder,John,Male,20151231145934
High,James,Male,20101020202020
High,Ronald,Male,20120615060606
Elementary,Thomas,Male,20140129080903
High,Lisa,Female,20111018162534
